{
  "info": {
    "width": 64,
    "height": 64,
    "components": 2,
    "dtype": "float32",
    "bytes": 32768,
    "expected_elements": 8192,
    "shape_ok": true,
    "u_stats": {
      "min": -37.234375,
      "max": -31.265626907348633,
      "mean": -33.497886657714844,
      "std": 1.3963786363601685,
      "nonzero": 4096
    },
    "v_stats": {
      "min": -2.223906993865967,
      "max": 1.5090031623840332,
      "mean": -0.45561474561691284,
      "std": 0.758674144744873,
      "nonzero": 4096
    }
  },
  "sample": [
    [
      -33.28125,
      -1.8069148063659668
    ],
    [
      -33.265625,
      -1.9060359001159668
    ],
    [
      -33.28125,
      -1.9707331657409668
    ],
    [
      -33.34375,
      -2.029571056365967
    ],
    [
      -33.4375,
      -2.072051525115967
    ],
    [
      -33.546875,
      -2.096221446990967
    ],
    [
      -33.65625,
      -2.105498790740967
    ],
    [
      -33.734375,
      -2.102569103240967
    ],
    [
      -33.78125,
      -2.088408946990967
    ],
    [
      -33.796875,
      -2.066680431365967
    ],
    [
      -33.75,
      -2.040801525115967
    ],
    [
      -33.65625,
      -2.011992931365967
    ],
    [
      -33.5,
      -1.9831843376159668
    ],
    [
      -33.328125,
      -1.9560847282409668
    ],
    [
      -33.109375,
      -1.9304499626159668
    ],
    [
      -32.890625,
      -1.9101862907409668
    ],
    [
      -32.65625,
      -1.8962702751159668
    ],
    [
      -32.4375,
      -1.8887019157409668
    ],
    [
      -32.21875,
      -1.8865046501159668
    ],
    [
      -32.0,
      -1.8882136344909668
    ]
  ]
}